Manufacturer,name,focal length,max aperture (T),close focus,image circle,front diameter,filter thread,weight,length,original mount,iris blades,notes,magnification ratio,entrance pupil
Angenieux,Optimo,18mm,2.0,"1' 2""",46.31mm,95mm,,1900g,160mm,PL,"3, 9, oval","interchangeable iris units, internal optics and rear filters",,
,,21mm,1.8,"1' 2""",46.31mm,95mm,,1900g,140mm,PL,"3, 9, oval",,,
,,24mm,1.8,"1' 2""",46.31mm,95mm,,1700g,128mm,PL,"3, 9, oval",,,
,,28mm,1.8,"1' 2""",46.31mm,95mm,,1700g,128mm,PL,"3, 9, oval",,,
,,32mm,1.8,"1' 2""",46.31mm,95mm,,1700g,128mm,PL,"3, 9, oval",,,
,,40mm,1.8,"1' 2""",46.31mm,95mm,,1700g,128mm,PL,"3, 9, oval",,,
,,50mm,1.8,"1' 4""",46.31mm,95mm,,1700g,128mm,PL,"3, 9, oval",,,
,,60mm,1.8,"1' 8""",46.31mm,95mm,,1700g,128mm,PL,"3, 9, oval",,,
,,75mm,1.8,2',46.31mm,95mm,,1700g,128mm,PL,"3, 9, oval",,,
,,100mm,1.8,"2' 4""",46.31mm,95mm,,1800g,128mm,PL,"3, 9, oval",,,
,,135mm,1.8,"3' 3""",46.31mm,95mm,,2000g,140mm,PL,"3, 9, oval",,,
,,200mm,2.2,4',46.31mm,114mm,,2300g,190mm,PL,"3, 9, oval",,,
,,,,,,,,,,,,,,
Arri,Signature Primes,12mm,1.8,"14""",45mm,,,,,LPL,,,,
,,15mm,1.8,"14""",45mm,,,,,LPL,,,,
,,18mm,1.8,"14""",45mm,114mm,,2000g,178mm,LPL,,,,
,,21mm,1.8,"14""",45mm,114mm,,2100g,178mm,LPL,,,,
,,25mm,1.8,"14""",45mm,114mm,,1900g,178mm,LPL,,,,
,,29mm,1.8,"14""",45mm,114mm,,1900g,178mm,LPL,,,,
,,35mm,1.8,"14""",45mm,114mm,,1700g,178mm,LPL,,,,
,,40mm,1.8,"14""",45mm,114mm,,1900g,178mm,LPL,,,,
,,47mm,1.8,"18""",45mm,114mm,,1800g,178mm,LPL,,,,
,,58mm,1.8,"18""",45mm,114mm,,2100g,178mm,LPL,,,,
,,75mm,1.8,"2' 2""",45mm,114mm,,1900g,178mm,LPL,,,,
,,95mm,1.8,"3' 1""",45mm,114mm,,2400g,178mm,LPL,,,,
,,125mm,1.8,"3' 4""",45mm,114mm,,2300g,178mm,LPL,,,,
,,150mm,1.8,6',45mm,114mm,,3500g,208mm,LPL,,,,
,,200mm,2.5,6',45mm,114mm,,3600g,216mm,LPL,,,,
,,280mm,2.8,"8' 2""",45mm,134mm,,5500g,,LPL,,,,
,,,,,,,,,,,,,,
,EnsÅ,10.5mm,2.8,"10.5""",,134mm,,2300g,141mm,LPL,,,1:10,160.3mm
,,14mm,2.5,"10.5""",,134mm,,2000g,141mm,LPL,,,1:8,151.9mm
,,18mm,2.1,"8""",,95mm,,1400g,117mm,LPL,,,1:4,134.3mm
,,21mm,2.1,"8.5""",,95mm,,1400g,117mm,LPL,,,1:4,131.6mm
,,24mm,2.1,"9""",,95mm,,1400g,117mm,LPL,,,1:4,131.8mm
,,28mm,2.1,"9""",,95mm,,1500g,117mm,LPL,,,1:4,118.8mm
,,32mm,2.1,"10""",,95mm,,1400g,117mm,LPL,,,1:4,119.5mm
,,40mm,2.1,"11""",,95mm,,1300g,117mm,LPL,,,1:4,117.2mm
,,47mm,2.1,"12.5""",,95mm,,1300g,117mm,LPL,,,1:4,124.5mm
,,58mm,2.1,"14""",,95mm,,1500g,117mm,LPL,,,1:4,115.6mm
,,75mm,2.1,"17""",,95mm,,1500g,123mm,LPL,,,1:4,119.9mm
,,105mm,2.1,"23.5""",,95mm,,1600g,123mm,LPL,,,1:4,122.7mm
,,150mm,2.1,"30.5""",,95mm,,1900g,152mm,LPL,,,1:4,131.5mm
,,250mm,2.1,"4' 2""",,114mm,,2900g,207mm,LPL,,,1:4,128.3mm
,,,,,,,,,,,,,,
Arri Rental,LF DNA,21mm,2.0,"8""",,114mm,,,90mm,LPL,10,,,
,,25mm,1.5,"10""",,114mm,,,82mm,LPL,10,,,
,,29mm,2.0,"12""",,114mm,,,82mm,LPL,10,,,
,,35mm,2.0,"12""",,114mm,,,86mm,LPL,10,,,
,,50mm,1.5,"20""",,114mm,,,87mm,LPL,10,,,
,,75mm,1.5,"2' 2""",,114mm,,,87mm,LPL,10,,,
,,85mm,1.5,"2' 4""",,114mm,,,107mm,LPL,10,,,
,,100mm,2.0,"2' 8""",,114mm,,,107mm,LPL,10,,,
,,135mm,,,,114mm,,,,LPL,10,,,
,,,,,,,,,,,,,,
,Moviecam,16mm,2.0,,,,,,,,,,,
,,20mm,2.0,,,,,,,,,,,
,,24mm,2.0,,,,,,,,,,,
,,28mm,2.0,,,,,,,,,,,
,,35mm,2.0,,,,,,,,,,,
,,40mm,2.0,,,,,,,,,,,
,,50mm,2.0,,,,,,,,,,,
,,60mm,1.5,,,,,,,,,,,
,,85mm,2.0,,,,,,,,,,,
,,100mm,2.8,,,,,,,,,,,
,,135mm,2.8,,,,,,,,,,,
,,,,,,,,,,,,,,
Bokkeh,Bokkelux,25mm,2.0,"8""",46.1mm,110mm,105mm,1450g,130mm,PL / EF,12,,,
,,35mm,2.0,"12""",46.1mm,110mm,105mm,1420g,130mm,PL / EF,12,,,
,,50mm,2.0,"17""",46.1mm,110mm,105mm,1420g,130mm,PL / EF,12,,,
,,75mm,2.0,"27""",46.1mm,110mm,105mm,1320g,130mm,PL / EF,12,,,
,,100mm,2.0,"22""",46.1mm,110mm,105mm,1400g,130mm,PL / EF,12,,,
,,,,,,,,,,,,,,
Canon,Cinema Primes,14mm,3.1,"8""",43.3mm,114mm,105mm,1200g,94mm,EF,11,,,
,,20mm,1.5,"12""",43.3mm,114mm,105mm,1200g,101.5mm,EF,11,,,
,,24mm,1.5,"12""",43.3mm,114mm,105mm,1200g,101.5mm,EF,11,,,
,,35mm,1.5,"12""",43.3mm,114mm,105mm,1100g,101.5mm,EF,11,,,
,,50mm,1.3,"18""",43.3mm,114mm,105mm,1100g,101.5mm,EF,11,,,
,,85mm,1.3,"3' 2""",43.3mm,114mm,105mm,1300g,101.5mm,EF,11,,,
,,135mm,2.2,"3' 3""",43.3mm,114mm,105mm,1400g,115.6mm,EF,11,,,
,,,,,,,,,,,,,,
,Sumire Primes,14mm,3.1,"8""",43.3mm,114mm,105mm,1200g,94mm,PL,11,,,
,,20mm,1.5,"12""",43.3mm,114mm,105mm,1200g,101.5mm,PL,11,,,
,,24mm,1.5,"12""",43.3mm,114mm,105mm,1200g,101.5mm,PL,11,,,
,,35mm,1.5,"12""",43.3mm,114mm,105mm,1100g,101.5mm,PL,11,,,
,,50mm,1.3,"18""",43.3mm,114mm,105mm,1100g,101.5mm,PL,11,,,
,,85mm,1.3,"3' 2""",43.3mm,114mm,105mm,1300g,101.5mm,PL,11,,,
,,135mm,2.2,"3' 3""",43.3mm,114mm,105mm,1400g,115.6mm,PL,11,,,
,,,,,,,,,,,,,,
Celere,HS Primes,18.5mm,1.5,"9""",>43mm,95mm,M86x1,1285g,126mm,PL / EF / E,8,,,
,,25mm,1.5,"9.8""",>43mm,85mm,77mm,1050g,118mm,PL / EF / E,8,,,
,,36mm,1.5,"13""",>43mm,85mm,77mm,1050g,118mm,PL / EF / E,8,,,
,,50mm,1.5,"18.9""",>43mm,85mm,77mm,1050g,118mm,PL / EF / E,8,,,
,,85mm,1.5,"3' 3""",>43mm,85mm,77mm,1050g,118mm,PL / EF / E,8,,,
,,,,,,,,,,,,,,
Cinescope,Leica R,19mm,2.9,"9""",43.3mm,110mm,,1000g,68.75mm,PL,,,,
(TLS housings),,21mm,4.2,"8""",43.3mm,110mm,,1000g,68.75mm,PL,,,,
,,24mm,2.9,"10""",43.3mm,110mm,,1000g,68.75mm,PL,,,,
,,28mm,2.9,"9""",43.3mm,110mm,,900g,68.75mm,PL,,,,
,,35mm,2.1,"11""",43.3mm,110mm,,1080g,68.75mm,PL,,,,
,,35mm,1.5,"20""",43.3mm,110mm,,1400g,83mm,PL,,,,
,,50mm,1.5,"17""",43.3mm,110mm,,1000g,68mm,PL,,,,
,,50mm,2.1,"17""",43.3mm,110mm,,900g,68.75mm,PL,,,,
,,60mm,2.9,"11""",43.3mm,110mm,,1440g,121mm,PL,,,,
,,80mm,1.5,"22""",43.3mm,110mm,,1500g,93mm,PL,,,,
,,90mm,2.1,"20""",43.3mm,110mm,,1440g,123mm,PL,,,,
,,100mm,2.9,"17""",43.3mm,110mm,,1920g,154mm,PL,,,,
,,135mm,2.9,"3' 4""",43.3mm,110mm,,1570g,123mm,PL,,,,
,,180mm,2.9,"4' 4""",43.3mm,110mm,,1620g,123mm,PL,,,,
,,,,,,,,,,,,,,
Cooke,S8/i FF,18mm,1.4,2',,136mm,n/a,3400g,200mm,PL/i / LPL/i,9,,,
,,21mm,1.4,2',,125mm,n/a,3500g,195mm,PL/i / LPL/i,9,,,
,,25mm,1.4,"1' 10""",,104mm,M99 x 0.75,2400g,162mm,PL/i / LPL/i,9,,,
,,27mm,1.4,2',,104mm,M99 x 0.75,2600g,162mm,PL/i / LPL/i,9,,,
,,32mm,1.4,"2' 3""",,104mm,M99 x 0.75,2400g,157mm,PL/i / LPL/i,9,,,
,,35mm,1.4,2' 3',,104mm,M99 x 0.75,2400g,157mm,PL/i / LPL/i,9,,,
,,40mm,1.4,"2' 3""",,104mm,M99 x 0.75,2300g,157mm,PL/i / LPL/i,9,,,
,,50mm,1.4,"2' 3""",,104mm,M99 x 0.75,2500g,157mm,PL/i / LPL/i,9,,,
,,65mm,1.4,"2' 6""",,104mm,M99 x 0.75,2600g,157mm,PL/i / LPL/i,9,,,
,,75mm,1.4,"2' 9""",,104mm,M99 x 0.75,2400g,157mm,PL/i / LPL/i,9,,,
,,100mm,1.4,"2' 9""",,104mm,M99 x 0.75,2600g,157mm,PL/i / LPL/i,9,,,
,,135mm,1.4,4',,104mm,M99 x 0.75,3200g,200mm,PL/i / LPL/i,9,,,
,,,,,,,,,,,,,,
,S7/i,16mm,,"16""",46.31mm,136mm,,4000g,197mm,PL/i,9,,,
,,18mm,2.0,"16""",46.31mm,110mm,,3500g,200mm,PL/i,9,,,
,,21mm,2.0,"14""",46.31mm,110mm,,3300g,189mm,PL/i,9,,,
,,25mm,2.0,"14""",46.31mm,110mm,,3300g,189mm,PL/i,9,,,
,,27mm,2.0,"14""",46.31mm,110mm,,3300g,189mm,PL/i,9,,,
,,32mm,2.0,"14""",46.31mm,110mm,,3400g,177mm,PL/i,9,,,
,,40mm,2.0,"18""",46.31mm,110mm,,3500g,189mm,PL/i,9,,,
,,50mm,2.0,"20""",46.31mm,110mm,,3400g,189mm,PL/i,9,,,
,,65mm,2.0,"19""",46.31mm,110mm,,3000g,189mm,PL/i,9,,,
,,75mm,2.0,"19""",46.31mm,110mm,,3000g,189mm,PL/i,9,,,
,,100mm,2.0,"30""",46.31mm,110mm,,3300g,189mm,PL/i,9,,,
,,135mm,2.0,"39""",46.31mm,110mm,,3700g,189mm,PL/i,9,,,
,,180mm,2.0,"51""",46.31mm,110mm,,3600g,1998mm,PL/i,9,,,
,,,,,,,,,,,,,,
,S7/i Macro,60mm,2.5,"8.5""",46.31mm,87mm,,2200g,160mm,PL/i,9,,,
,,90mm,2.5,"11.5""",46.31mm,87mm,,2500g,172mm,PL/i,9,,,
,,150mm,2.5,"16""",46.31mm,87mm,,3000g,233mm,PL/i,9,,,
,,,,,,,,,,,,,,
,Panchro/i Classic FF,18mm,2.2,"10""",,110mm,,2250g,125mm,PL/i / LPL/i,9,,,
,,21mm,2.2,"11""",,110mm,,1959g,127mm,PL/i / LPL/i,9,,,
,,25mm,2.2,"13""",,110mm,,2061g,125mm,PL/i / LPL/i,9,,,
,,27mm,2.2,"13""",,110mm,,2131g,125mm,PL/i / LPL/i,9,,,
,,32mm,2.2,"13""",,110mm,,1955g,110mm,PL/i / LPL/i,9,,,
,,40mm,2.2,"13""",,110mm,,1530g,92mm,PL/i / LPL/i,9,,,
,,50mm,2.2,,,110mm,,,,PL/i / LPL/i,9,,,
,,65mm,2.4,"13""",,110mm,,2800g,197mm,PL/i / LPL/i,9,,,
,,75mm,2.2,"30""",,110mm,,1800g,155mm,PL/i / LPL/i,9,,,
,,100mm,2.6,"36""",,110mm,,1800g,155mm,PL/i / LPL/i,9,,,
,,135mm,2.8,"2' 9""",,110mm,,2100g,167mm,PL/i / LPL/i,9,,,
,,152mm,3.0,"3' 6""",,110mm,,2100g,167mm,PL/i / LPL/i,9,,,
,,,,,,,,,,,,,,
DZOFilm,Arles,25mm,1.4,"1' 2""",46.5mm,95mm,86mm,1490g,120mm,PL / EF,16,also available as Lustre series with different coatings and T1.6,,
,,35mm,1.4,"1' 2""",46.5mm,95mm,86mm,1650g,120mm,PL / EF,16,,,
,,50mm,1.4,"1' 4""",46.5mm,95mm,86mm,1688g,120mm,PL / EF,16,,,
,,75mm,1.4,"2' 6""",46.5mm,95mm,86mm,1662g,120mm,PL / EF,16,,,
,,100mm,1.4,"2' 11""",46.5mm,95mm,86mm,1830g,120mm,PL / EF,16,,,
,,,,,,,,,,,,,,
,Vespid,16mm,2.8,"10""",46.5mm,80mm,,,,PL / EF,16,,,
,,21mm,2.1,"12""",46.5mm,80mm,77mm,950g,100mm,PL / EF,16,,,
,,25mm,2.1,"12""",46.5mm,80mm,77mm,940g,100mm,PL / EF,16,,,
,,35mm,2.1,"12""",46.5mm,80mm,77mm,834g,87mm,PL / EF,16,,,
,,40mm,2.1,"12""",46.5mm,80mm,77mm,834g,87mm,PL / EF,16,,,
,,50mm,2.1,"15""",46.5mm,80mm,77mm,732g,87mm,PL / EF,16,,,
,,75mm,2.1,"24""",46.5mm,80mm,77mm,865g,87mm,PL / EF,16,,,
,,90mm,2.8,"10""",46.5mm,80mm,77mm,800g,112mm,PL / EF,16,,,
,,100mm,2.1,"2' 4""",46.5mm,80mm,77mm,890g,100mm,PL / EF,16,,,
,,125mm,2.1,"2' 7""",46.5mm,80mm,77mm,924g,100mm,PL / EF,16,,,
,,,,,,,,,,,,,,
,Vespid II,18mm,1.9,"10""",46.5mm,80mm,77mm,766g,80mm,PL,10,,,
,,24mm,1.9,"12""",46.5mm,80mm,77mm,776g,80mm,PL,10,,,
,,35mm,1.9,"12""",46.5mm,80mm,77mm,800g,80mm,PL,10,,,
,,50mm,1.9,"1' 8""",46.5mm,80mm,77mm,836g,80mm,PL,10,,,
,,85mm,1.9,"2' 5""",46.5mm,80mm,77mm,865g,80mm,PL,10,,,
,,105mm,1.9,3',46.5mm,80mm,77mm,833g,80mm,PL,10,,,
,,,,,,,,,,,,,,
,Gnosis (macro),32mm,2.8,"6.6""",46.5mm,114mm,105mm,1460g,112mm,LPL / PL / EF,16,,,
,,65mm,2.8,"9.4""",46.5mm,114mm,105mm,1450g,112mm,LPL / PL / EF,16,,,
,,90mm,2.8,"10.2""",46.5mm,114mm,105mm,1280g,112mm,LPL / PL / EF,16,,,
,,,,,,,,,,,,,,
Dulens,APO Miniprime,21mm,,,>43.3mm,80mm,72mm,,,PL / EF,11,,,
,,25mm,,,>43.3mm,80mm,72mm,,,PL / EF,11,,,
,,31mm,2.4,"1' 10""",>43.3mm,80mm,72mm,539g,67mm,PL / EF,11,,,
,,43mm,2.4,"1' 10""",>43.3mm,80mm,72mm,498g,67mm,PL / EF,11,,,
,,58mm,2.4,"2' 3""",>43.3mm,80mm,72mm,509g,67mm,PL / EF,11,,,
,,85mm,2.4,"2' 9""",>43.3mm,80mm,72mm,529g,67mm,PL / EF,11,,,
,,120mm,,,>43.3mm,80mm,72mm,,,PL / EF,11,,,
,,,,,,,,,,,,,,
Gecko Cam,Genesis G35,14.5mm,3.0,"11.5""",46.3mm,114mm,,1100g,95mm,PL / LPL,9,,,
,,16mm,2.4,"12""",46.3mm,114mm,,1200g,128mm,PL / LPL,11,,,
,,20mm,1.8,"8""",46.3mm,114mm,,1200g,128mm,PL / LPL,11,,,
,,25mm,1.4,"10""",46.3mm,114mm,,1200g,128mm,PL / LPL,11,,,
,,35mm,1.4,"13""",46.3mm,114mm,,1300g,128mm,PL / LPL,11,,,
,,50mm,1.4,"1' 6""",46.3mm,114mm,,1100g,128mm,PL / LPL,11,,,
,,85mm,1.4,"3' 8""",46.3mm,114mm,,1200g,128mm,PL / LPL,11,,,
,vintage macro,100mm,2.9,,46.3mm,95mm,,,120mm,PL / LPL,,1:1 macro,,
,,135mm,2.0,"2' 8""",46.3mm,114mm,,1400g,128mm,PL / LPL,11,,,
,,,,,,,,,,,,,,
,Vintage Supreme Prime,25mm,1.5,"10""",46.2mm,,,,,PL / LPL,,,,
,(recoated Zeiss Supreme),29mm,1.5,"13""",46.2mm,,,,,PL / LPL,,,,
,,35mm,1.5,"13""",46.2mm,,,,,PL / LPL,,,,
,,50mm,1.5,"18""",46.2mm,,,,,PL / LPL,,,,
,,85mm,1.5,"2' 9""",46.2mm,,,,,PL / LPL,,,,
,,100mm,1.5,"3' 9""",46.2mm,,,,,PL / LPL,,,,
,,,,,,,,,,PL / LPL,,,,
IB/E,Raptor,28mm,2.4,,50mm,,,,,,,,,
,,40mm,2.4,"18""",50mm,95mm,,1250g,112mm,UMS PL,14,,,
,,50mm,2.4,,50mm,,,,,,,,,
,,80mm,2.4,"2' 2""",50mm,95mm,,1050g,112mm,UMS PL,14,,,
,,110mm,2.4,,50mm,,,,,,,,,
,,135mm,2.4,,50mm,,,,,,,,,
,,,,,,,,,,,,,,
,Raptor (macro),60mm,2.9,"7.5""",46.6mm,95mm,,1150g,106mm,IMS PL (EF / F / E),9,1:1 macro,,
,,100mm,2.9,"12""",46.6mm,95mm,,1500g,145mm,IMS PL (EF / F / E),9,1:1 macro,,
,,150mm,2.9,"15""",46.6mm,95mm,,1900g,145mm,IMS PL (EF / F / E),9,1:1 macro,,
,,180mm,2.9,"18.5""",46.6mm,95mm,,2900g,200mm,IMS PL (EF / F / E),9,1:1 macro,,
,,,,,,,,,,,,,,
Irix,Cine,11mm,4.3,"10.6""",43.3mm,95mm,n/a,1130g,104mm,PL / EF / E / MFT,9,,,
,,15mm,2.6,"10""",43.3mm,95mm,86mm,915g,88mm,PL / EF / E / MFT,9,,,
,,21mm,1.5,"12""",43.3mm,95mm,n/a,1105g,93mm,PL / EF / E / MFT,11,,,
,,30mm,1.5,"14""",43.3mm,95mm,86mm,1136g,99mm,PL / EF / E / MFT,11,,,
,,45mm,1.5,"16""",43.3mm,95mm,86mm,1135g,114mm,PL / EF / E / MFT,9,,,
,,65mm,1.5,,,,,,,,,,,
,,150mm,3.0,"14""",43.3mm,95mm,86mm,1110g,129mm,PL / EF / E / MFT,9,1:1 macro,,
,,,,,,,,,,,,,,
Kinefinity,MAVO,25mm,2.1,"8""",46.5mm,95mm,,1310g,117mm,PL / EF,,,,
,,35mm,2.0,"12""",46.5mm,95mm,,1250g,117mm,PL / EF,,,,
,,50mm,2.0,"17""",46.5mm,95mm,,1210g,117mm,PL / EF,,,,
,,75mm,2.0,"27""",46.5mm,95mm,,1110g,117mm,PL / EF,,,,
,,100mm,2.0,"22""",46.5mm,95mm,,1210g,117mm,PL / EF,,,,
,,,,,,,,,,,,,,
Laowa,VV Cine,9mm,5.8,"4.7""",46.3mm,80mm,n/a,430g,41mm,PL / E / Z / RF,14,,,
,Zero-D VV Cine,10mm,2.9,"4.7""",46.3mm,80mm,n/a,545g,47mm,LPL / PL / E / Z / RF / L,14,,,
,,12mm,2.9,"5.5""",46.3mm,80mm,77mm,450g,47mm,PL / E / Z / RF / L,14,,,
,,14mm,2.6,"8""",46.3mm,80mm,77mm,592g,69mm,PL / E / Z / RF / EF / L,15,,,
,,,,,,,,,,,,,,
,Macro APO Cine,100mm,2.9,"9.7""",43.3mm,80mm,77mm,957g,163mm,PL / EF / E / R / L,13,2:1 macro,,
,,,,,,,,,,,,,,
,Sword macro,15mm,4.1,"4.7""",43.3mm,100mm,95mm,640g,67mm,PL / EF / E / R / L,14,1:1 macro,,
,,25mm,2.9,"6.6""",43.3mm,80mm,77mm,755g,95mm,PL / EF / E / R / L,7,1:1 macro,,
,,35mm,2.9,"7""",43.3mm,80mm,77mm,750g,95mm,PL / EF / E / R / L,13,1:1 macro,,
,,60mm,2.9,"8.3""",43.3mm,80mm,77mm,736g,113mm,PL / EF / E / R / L,13,2:1 macro,,
,,100mm,2.9,"9.7""",43.3mm,80mm,77mm,957g,140mm,PL / EF / E / R / L,13,2:1 macro,,
,,180mm,4.6,"12""",43.3mm,80mm,77mm,734g,125mm,PL / EF / E / R / L,13,1.5:1 macro,,
,,,,,,,,,,,,,,
Leitz,Hugo,18mm,1.5,"9""",43.3mm,95mm,92mm,1040g,71mm,LPL / L / M,11,,,
,,21mm,1.5,1',43.3mm,95mm,92mm,840g,68mm,LPL / L / M,11,,,
,,24mm,1.5,1',43.3mm,95mm,92mm,860g,68mm,LPL / L / M,11,,,
,,28mm,1.5,"1' 2""",43.3mm,95mm,92mm,830g,68mm,LPL / L / M,11,,,
,,35mm,1.5,"1' 2""",43.3mm,95mm,92mm,810g,68mm,LPL / L / M,11,,,
,,40mm,1.5,"1' 2""",43.3mm,95mm,92mm,870g,68mm,LPL / L / M,11,,,
,,50mm,1.5,"1' 8""",43.3mm,95mm,92mm,860g,68mm,LPL / L / M,11,,,
,,50mm,1.0,"1' 8""",43.3mm,95mm,92mm,1100g,82mm,LPL / L / M,11,,,
,,75mm,1.5,"2' 6""",43.3mm,95mm,92mm,1450g,112mm,LPL / L / M,11,,,
,,90mm,1.5,"2' 10""",43.3mm,95mm,92mm,1380g,112mm,LPL / L / M,11,,,
,,135mm,1.9,"3' 3""",43.3mm,95mm,92mm,1590g,121mm,LPL / L / M,11,,,
,,,,,,,,,,,,,,
,Hugo II,66mm,2.1,2',43.3mm,95mm,92mm,820g,82mm,LPL / L / M,11,,,
,,75mm,2.1,"2' 6""",43.3mm,95mm,92mm,900g,82mm,LPL / L / M,11,,,
,,90mm,2.1,"2' 10""",43.3mm,95mm,92mm,910g,82mm,LPL / L / M,11,,,
,,,,,,,,,,,,,,
,ELSIE,15mm,2.1,"1' 2""",46.5mm,,n/a,,160mm,LPL,,,,
,,18mm,2.1,"1' 2""",46.5mm,114mm,n/a,2400g,160mm,LPL,15,,,
,,21mm,2.1,"1' 2""",46.5mm,114mm,n/a,2400g,160mm,LPL,15,,,
,,25mm,2.1,"1' 2""",46.5mm,95mm,92mm,2000g,160mm,LPL,15,,,
,,29mm,2.1,"1' 2""",46.5mm,95mm,92mm,2000g,160mm,LPL,15,,,
,,35mm,2.1,"1' 2""",46.5mm,95mm,92mm,2000g,160mm,LPL,15,,,
,,40mm,2.1,"1' 2""",46.5mm,95mm,92mm,2000g,160mm,LPL,15,,,
,,50mm,2.1,"1' 8""",46.5mm,95mm,92mm,2000g,160mm,LPL,15,,,
,,65mm,2.1,"2' 2""",46.5mm,95mm,92mm,2000g,160mm,LPL,,,,
,,75mm,2.1,"2' 6""",46.5mm,95mm,92mm,2100g,160mm,LPL,13,,,
,,100mm,2.1,"2' 10""",46.5mm,95mm,92mm,2100g,160mm,LPL,13,,,
,,125mm,2.1,"4' 2""",46.5mm,114mm,112mm,2500g,160mm,LPL,,,,
,,150mm,,5',46.5mm,,,,,LPL,,,,
,,,,,,,,,,,,,,
,Leitz Prime,18mm,1.8,"1' 10""",46.5mm,114mm,112mm,3200g,202mm,PL / LPL,15,,,
,,21mm,1.8,"1' 10""",46.5mm,114mm,112mm,2760g,184mm,PL / LPL,15,,,
,,25mm,1.8,"1' 10""",46.5mm,114mm,112mm,2800g,184mm,PL / LPL,15,,,
,,29mm,1.8,"1' 2""",46.5mm,114mm,112mm,2670g,184mm,PL / LPL,15,,,
,,35mm,1.8,"1' 6""",46.5mm,114mm,112mm,2870g,184mm,PL / LPL,15,,,
,,40mm,1.8,"1' 2""",46.5mm,114mm,112mm,2710g,184mm,PL / LPL,15,,,
,,50mm,1.8,"1' 7""",46.5mm,114mm,112mm,2700g,184mm,PL / LPL,15,,,
,,65mm,1.8,"2' 2""",46.5mm,114mm,112mm,2780g,184mm,PL / LPL,15,,,
,,75mm,1.8,"2' 6""",46.5mm,114mm,112mm,2830g,184mm,PL / LPL,15,,,
,,100mm,1.8,"3' 3""",46.5mm,114mm,112mm,2770g,184mm,PL / LPL,15,,,
,,135mm,1.8,"3' 11""",46.5mm,114mm,112mm,2890g,184mm,PL / LPL,15,,,
,,180mm,2.0,"4' 11""",46.5mm,114mm,112mm,3100g,202mm,PL / LPL,15,,,
,,350mm,3.6,"9' 10""",46.5mm,114mm,112mm,4400g,317mm,PL / LPL,21,,,
,,,,,,,,,,,,,,
Masterbuilt,Classic,18mm,1.4,"18""",,114mm,,2600g,,PL / LPL / PV,,,,
,and,25mm,1.4,"14""",,114mm,,2100g,,PL / LPL / PV,,,,
,Soft Flare,28mm,1.4,"14""",,114mm,,2100g,,PL / LPL / PV,,,,
,,35mm,1.4,"16""",,114mm,,1900g,,PL / LPL / PV,,,,
,,40mm,1.4,18',,114mm,,2200g,,PL / LPL / PV,,,,
,,50mm,1.4,"19""",,114mm,,2000g,,PL / LPL / PV,,,,
,,65mm,1.4,"2' 4""",,114mm,,2200g,,PL / LPL / PV,,,,
,,85mm,1.4,"3' 3""",,114mm,,2000g,,PL / LPL / PV,,,,
,,105mm,1.4,"3' 9""",,114mm,,2500g,,PL / LPL / PV,,,,
,,135mm,1.4,"4' 7""",,114mm,,2900g,,PL / LPL / PV,,,,
,,,,,,,,,,,,,,
,Super Wide,14.5mm,1.9,"10""",,136mm,,1600g,,PL / LPL / PV,,,,
,,,,,,,,,,,,,,
,Portrait,32mm,1.4,"16""",,114mm,,1900g,,PL / LPL / PV,,,,
,,55mm,1.4,"19""",,114mm,,2000g,,PL / LPL / PV,,,,
,,100mm,1.4,"3' 9""",,114mm,,2500g,,PL / LPL / PV,,,,
,,,,,,,,,,,,,,
,Anastigmat,110mm,1.8,,,,,,,PL / LPL / PV,,,,
,,160mm,1.8,"4' 7""",,114mm,,2900g,,PL / LPL / PV,,,,
,,,,,,,,,,,,,,
,SuperScope,13mm,2.7,"8""",,136mm,,1500g,104mm,PL / LPL / PV,,,,
,,19mm,1.4,"13""",,136mm,,1590g,119mm,PL / LPL / PV,,,,
,,24mm,1.4,"12""",,136mm,,1500g,114mm,PL / LPL / PV,,,,
,,35mm,1.4,"12""",,136mm,,1500g,114mm,PL / LPL / PV,,,,
,,50mm,1.2,"18""",,136mm,,1400g,114mm,PL / LPL / PV,,,,
,,80mm,1.2,"3' 3""",,136mm,,1680g,119mm,PL / LPL / PV,,,,
,,110mm,1.4,"3' 11""",,136mm,,2680g,150mm,PL / LPL / PV,,,,
,,140mm,2.0,"3' 3""",,136mm,,1770g,137mm,PL / LPL / PV,,,,
,,200mm,2.0,"5' 5""",,136mm,,3080g,220mm,PL / LPL / PV,,,,
,,,,,,,,,,,,,,
,Legacy,21mm,1.4,"13""",,136mm,,1590g,120mm,PL / LPL / PV,,,,
,,25mm,1.4,"12""",,136mm,,1500g,114mm,PL / LPL / PV,,,,
,,32mm,1.4,"12""",,136mm,,1500g,114mm,PL / LPL / PV,,,,
,,55mm,1.2,"18""",,136mm,,1400g,114mm,PL / LPL / PV,,,,
,,90mm,1.2,"3' 3""",,136mm,,1680g,120mm,PL / LPL / PV,,,,
,,135mm,2.0,"3' 4""",,136mm,,2680g,150mm,PL / LPL / PV,,,,
,,,,,,,,,,,,,,
,Variable Prescription,27mm,1.4,,,,,,,,,,,
,,32mm,1.4,,,,,,,,,,,
,,40mm,1.4,,,,,,,,,,,
,,48mm,1.4,,,,,,,,,,,
,,,,,,,,,,,,,,
Meike,,16mm,2.6,,45mm,,,,,PL/EF/RF/E/L/Z,,,,
,,24mm,2.1,,45mm,,,,,PL/EF/RF/E/L/Z,,,,
,,35mm,2.1,"13""",45mm,85mm,82mm,1100g,103mm,PL/EF/RF/E/L/Z,11,,,
,,50mm,2.1,2',45mm,85mm,82mm,1100g,103mm,PL/EF/RF/E/L/Z,11,,,
,,85mm,2.1,"2' 9""",45mm,85mm,82mm,1100g,103mm,PL/EF/RF/E/L/Z,11,,,
,,105mm,2.1,,45mm,,,,,PL/EF/RF/E/L/Z,,,,
,,135mm,2.1,,45mm,,,,,PL/EF/RF/E/L/Z,,,,
,,,,,,,,,,PL/EF/RF/E/L/Z,,,,
NiSi,F3 Primes,18mm,,,,,,,,,,,,
(Nitecore),(Superior Prime),25mm,2.1,"7""",>46.5mm,95mm,,1330g,117mm,PL / EF / E,12,,,
,,35mm,2.0,"12""",>46.5mm,95mm,,1280g,117mm,PL / EF / E,12,,,
,,50mm,2.0,"1' 6""",>46.5mm,95mm,,1230g,117mm,PL / EF / E,12,,,
,,75mm,2.0,"2' 3""",>46.5mm,95mm,,1120g,117mm,PL / EF / E,12,,,
,,100mm,2.0,"1' 11""",>46.5mm,95mm,,1230g,117mm,PL / EF / E,12,,,
,,,,,,,,,,,,,,
,Athena,14mm,2.4,"9.8""",>46mm,80mm,none,770g,85mm,PL / RF / E,10,,,
,,18mm,2.2,"10""",>46mm,80mm,77mm,800g,81mm,PL / RF / E,10,,,
,,25mm,1.9,"11.8""",>46mm,80mm,77mm,770g,81mm,PL / RF / E,10,,,
,,35mm,1.9,"11.8""",>46mm,80mm,77mm,770g,81mm,PL / RF / E,10,,,
,,40mm,1.9,"15.7""",>46mm,80mm,77mm,800g,81mm,PL / RF / E,10,,,
,,50mm,1.9,"19.7""",>46mm,80mm,77mm,770g,81mm,PL / RF / E,10,,,
,,85mm,1.9,"31.5""",>46mm,80mm,77mm,770g,81mm,PL / RF / E,10,,,
,,135mm,2.2,3' 3',>46mm,80mm,77mm,980g,110mm,PL / RF / E,10,,,
,,,,,,,,,,,,,,
,Aureus,18mm,1.4,"10""",>46mm,90mm,86mm,1300g,110mm,PL,,,,
,,24mm,1.4,"1' 1""",>46mm,90mm,86mm,1300g,110mm,PL,,,,
,,35mm,1.4,"1' 2""",>46mm,90mm,86mm,1300g,110mm,PL,,,,
,,50mm,1.4,"1' 10""",>46mm,90mm,86mm,1300g,110mm,PL,,,,
,,85mm,1.4,3',>46mm,90mm,86mm,1300g,110mm,PL,,,,
,,,,,,,,,,,,,,
Rokinon,Xeen,14mm,3.1,"11""",43.3mm,114mm,,1170g,81mm,PL / EF / F / E / MFT,9,,,
,,16mm,2.6,"12""",43.3mm,114mm,,1175g,88mm,PL / EF / F / E / MFT,11,,,
,,20mm,1.9,"10""",43.3mm,114mm,,1179g,116mm,PL / EF / F / E / MFT,11,,,
,,24mm,1.5,"10""",43.3mm,114mm,,1180g,114mm,PL / EF / F / E / MFT,11,,,
,,35mm,1.5,"13""",43.3mm,114mm,,1360g,114mm,PL / EF / F / E / MFT,11,,,
,,50mm,1.5,"18""",43.3mm,114mm,,1160g,114mm,PL / EF / F / E / MFT,11,,,
,,85mm,1.5,"44""",43.3mm,114mm,,1245g,114mm,PL / EF / F / E / MFT,11,,,
,,135mm,1.5,"32""",43.3mm,114mm,,1382g,114mm,PL / EF / F / E / MFT,11,,,
,,,,,,,,,,,,,,
,Xeen CF,16mm,2.6,"12""",43.3mm,95mm,,900g,82mm,PL / EF / E,11,,,
,,24mm,1.5,"10""",43.3mm,95mm,,900g,90.5mm,PL / EF / E,11,,,
,,35mm,1.5,"13""",43.3mm,95mm,,1100g,114mm,PL / EF / E,11,,,
,,50mm,1.5,"18""",43.3mm,95mm,,900g,90.5mm,PL / EF / E,11,,,
,,85mm,1.5,"3' 9""",43.3mm,95mm,,1000g,90.5mm,PL / EF / E,11,,,
,,135mm,2.2,"2' 6""",43.3mm,95mm,,1400g,114mm,PL / EF / E,11,,,
,,,,,,,,,,,,,,
,Xeen Meister,14mm,2.6,"14""",43.2mm,134mm,,1500g,93mm,PL / EF / E,13,,,
,,24mm,1.3,"14""",43.2mm,114mm,,2000g,122mm,PL / EF / E,13,,,
,,35mm,1.3,"14""",43.3mm,114mm,,1900g,122mm,PL / EF / E,13,,,
,,50mm,1.3,"17""",43.3mm,114mm,,2000g,130mm,PL / EF / E,13,,,
,,85mm,1.3,"2' 7""",43.3mm,114mm,,2200g,156mm,PL / EF / E,13,,,
,,,,,,,,,,,,,,
Schneider,Xenon FF,18mm,2.4,"1' 4""",43.3mm,100mm,n/a,1390g,122.2mm,PL / EF / F,14,,,
,,25mm,2.1,1',43.3mm,100mm,95mm,1230g,122.2mm,PL / EF / F,14,,,
,,35mm,2.1,"1' 2""",43.3mm,100mm,95mm,1160g,122.2mm,PL / EF / F,14,,,
,,50mm,2.1,"1' 8""",43.3mm,100mm,95mm,1190g,122.2mm,PL / EF / F,14,,,
,,75mm,2.1,"3' 3""",43.3mm,100mm,95mm,1180g,122.2mm,PL / EF / F,14,,,
,,100mm,2.1,"3' 3""",43.3mm,100mm,95mm,1190g,122.2mm,PL / EF / F,14,,,
,,135mm,2.1,"3' 3""",43.3mm,100mm,95mm,1300g,132.5mm,PL / EF / F,14,,,
,,,,,,,,,,,,,,
,Cine-Tilt,25mm,2.1,,43.3mm,,,,,E,,,,
,,35mm,2.1,,43.3mm,,,,,E,,,,
,,50mm,2.1,,43.3mm,,,,,E,,,,
,,75mm,2.1,,43.3mm,,,,,E,,,,
,,100mm,2.1,,43.3mm,,,,,E,,,,
,,,,,,,,,,,,,,
Servicevision,NEW K35,15mm,1.5,,43.3mm,,,,,,,,,
,,18mm,1.5,,43.3mm,,,,,,,,,
,,100mm,1.4,,43.3mm,,,,,,,,,
,,,,,,,,,,,,,,
Sigma,Aizu Prime,18mm,,,,,,,,,,,,
,,21mm,,,,,,,,,,,,
,,25mm,1.3,"12""",46.3mm,95mm,,1700g,125mm,PL / E,13,,,
,,27mm,1.3,"13""",46.3mm,95mm,,1700g,125mm,PL / E,13,,,
,,32mm,1.3,"14""",46.3mm,95mm,,1700g,128mm,PL / E,13,,,
,,35mm,1.3,"14""",46.3mm,95mm,,1600g,128mm,PL / E,13,,,
,,40mm,1.3,"15""",46.3mm,95mm,,1600g,128mm,PL / E,13,,,
,,50mm,1.3,"19""",46.3mm,95mm,,1700g,126mm,PL / E,13,,,
,,65mm,1.3,2',46.3mm,95mm,,1600g,125mm,PL / E,13,,,
,,75mm,1.3,"2' 5""",46.3mm,95mm,,1700g,128mm,PL / E,13,,,
,,100mm,,,,,,,,,,,,
,,125mm,,,,,,,,,,,,
,,,,,,,,,,,,,,
,FF High Speed Prime,14mm,2.0,"11""",43.3mm,95mm,,1345g,111.5mm,PL / EF / E,9,weight / length in PL,,
,,20mm,1.5,"11""",43.3mm,95mm,,1240g,110mm,PL / EF / E,9,weight / length in PL,,
,,24mm,1.5,"10""",43.3mm,95mm,82mm,1030g,87mm,PL / EF / E,9,weight / length in PL,,
,,28mm,1.5,,43.3mm,95mm,82mm,1210g,100mm,PL / EF / E,9,weight / length in PL,,
,,35mm,1.5,"12""",43.3mm,95mm,82mm,1035g,87mm,PL / EF / E,9,weight / length in PL,,
,,40mm,1.5,,43.3mm,95mm,82mm,1470g,123mm,PL / EF / E,9,weight / length in PL,,
,,50mm,1.5,"1' 4""",43.3mm,95mm,82mm,1210g,94mm,PL / EF / E,9,weight / length in PL,,
,,65mm,1.5,"2' 2""",43.3mm,95mm,82mm,,120.6mm,PL / EF / E,9,,,
,,85mm,1.5,"2' 10""",43.3mm,95mm,86mm,1380g,119mm,PL / EF / E,9,weight / length in PL,,
,,105mm,1.5,,43.3mm,95mm,82mm,1705g,126mm,PL / EF / E,9,weight / length in PL,,
,,135mm,2.0,"2' 11""",43.3mm,95mm,82mm,1495g,107mm,PL / EF / E,9,weight / length in PL,,
,,,,,,,,,,,,,,
,FF Classic Art Prime,14mm,3.2,"11""",43.3mm,95mm,,,111.5mm,PL / EF / E,9,,,
,,20mm,2.5,"11""",43.3mm,95mm,,,110mm,PL / EF / E,9,,,
,,24mm,2.5,"10""",43.3mm,95mm,82mm,,87mm,PL / EF / E,9,,,
,,28mm,2.5,"12""",43.3mm,95mm,82mm,,100mm,PL / EF / E,9,,,
,,35mm,2.5,"12""",43.3mm,95mm,82mm,,87mm,PL / EF / E,9,,,
,,40mm,2.5,"1"" 4""",43.3mm,95mm,82mm,,123mm,PL / EF / E,9,,,
,,50mm,2.5,"1' 4""",43.3mm,95mm,82mm,,94mm,PL / EF / E,9,,,
,,65mm,2.5,"2' 2""",43.3mm,95mm,82mm,,120.6mm,PL / EF / E,9,,,
,,85mm,2.5,"2' 10""",43.3mm,95mm,82mm,,119mm,PL / EF / E,9,,,
,,105mm,2.5,"3' 4""",43.3mm,95mm,82mm,,126mm,PL / EF / E,9,,,
,,135mm,3.2,"2' 11""",43.3mm,95mm,82mm,,107mm,PL / EF / E,9,,,
,,,,,,,,,,,,,,
Sirui,Jupiter Macro,24mm,2.0,"9.5""",,95mm,92mm,1247g,104mm,PL / EF,11,,,
,,35mm,2.0,"9.5""",,95mm,92mm,1154g,109mm,PL / EF,11,,,
,,50mm,2.0,"9.5""",,95mm,92mm,1066g,115mm,PL / EF,11,,,
,,,,,,,,,,,,,,
SLR Magic,APO HyperPrime,25mm,2.1,"12""",46mm,95mm,82mm,1200g,105mm,PL,12,,,
,,32mm,2.1,"16""",46mm,95mm,82mm,1250g,105mm,PL,13,,,
,,50mm,2.1,2',46mm,95mm,82mm,1150g,105mm,PL,10,,,
,,85mm,2.1,"3' 3""",46mm,95mm,82mm,1150g,105mm,PL,13,,,
,,,,,,,,,,,,,,
,APO MicroPrime,25mm,2.1,"12""",43.27mm,85mm,82mm,900g,109mm,PL / EF,12,,,
,,32mm,2.1,"16""",43.27mm,85mm,82mm,900g,109mm,PL / EF,13,,,
,,50mm,2.1,"2' 3""",43.27mm,85mm,82mm,900g,109mm,PL / EF,10,,,
,,85mm,2.1,3',43.27mm,85mm,82mm,900g,109mm,PL / EF,13,,,
,,,,,,,,,,,,,,
Spirit Lab,Cine Primes,15mm,2.2,"12""",52mm,88mm,,1350g,110mm,PL / EF,,,,
,,24mm,1.6,"12""",52mm,88mm,,1360g,110mm,PL / EF,,,,
,,35mm,1.5,"12""",52mm,88mm,,1340g,110mm,PL / EF,,,,
,,50mm,1.3,"18""",52mm,88mm,,1380g,110mm,PL / EF,,,,
,,85mm,1.5,"33""",65mm,88mm,,1410g,110mm,PL / EF,,,,
,,100mm,2.2,"12""",65mm,88mm,,1200g,110mm,PL / EF,,1:1 macro,,
,,135mm,2.2,"40""",65mm,88mm,,1240g,110mm,PL / EF,,,,
,,,,,,,,,,,,,,
TLS,Leica Noctilux,50mm,0.95,"13""",,95mm,,900g,100mm,PL,,,,
,,,,,,,,,,,,,,
,Petzval,58mm,2.1,,,110mm,M105,,,PL,16,,,
,,85mm,2.3,"2' 10""",,110mm,M105,,,PL,16,,,
,,,,,,,,,,,,,,
,Vega,20mm,2.0,"8""",,110mm,,1360g,90mm,PL,,,,
,,24mm,1.5,"10""",,110mm,,1410g,90mm,PL,,,,
,,28mm,,,,,,,,,,,,
,,35mm,1.5,"12""",,110mm,,1570g,90mm,PL,,,,
,,50mm,1.5,"15""",,110mm,,1060g,80mm,PL,,,,
,,85mm,1.5,"2' 9""",,110mm,,1440g,90mm,PL,,,,
,,105mm,1.5,"3' 3""",,110mm,,1800g,100mm,PL,,,,
,,135mm,2.0,"3' 6""",,110mm,,1710g,117mm,PL,,,,
,,,,,,,,,,,,,,
Tokina Cinema ATX,Vista,18mm,1.5,"18""",46.7mm,114mm,none,2680g,168mm,PL / EF / E / MFT,9,"also available as Vista One (single coated), Vista P (detuned) and Vista C (low contrast)",,
,and,21mm,1.5,"14""",46.7mm,114mm,112mm,2330g,,PL / EF / E / MFT,9,,,
,Vista-P (detuned),25mm,1.5,"14""",46.7mm,114mm,112mm,2190g,141mm,PL / EF / E / MFT,9,"also available as Vista One (single coated), Vista P (detuned) and Vista C (low contrast)",,
,,29mm,1.5,"14""",46.7mm,114mm,112mm,2250g,,PL / EF / E / MFT,9,,,
,,35mm,1.5,"16""",46.7mm,114mm,112mm,1950g,131mm,PL / EF / E / MFT,9,"also available as Vista One (single coated), Vista P (detuned) and Vista C (low contrast)",,
,,40mm,1.5,"17.7""",46.7mm,114mm,112mm,2240g,,PL / EF / E / MFT,9,,,
,,50mm,1.5,"19""",46.7mm,114mm,112mm,2110g,131mm,PL / EF / E / MFT,9,"also available as Vista One (single coated), Vista P (detuned) and Vista C (low contrast)",,
,,65mm,1.5,"2' 3""",46.7mm,114mm,112mm,2290g,,PL / EF / E / MFT,9,"also available as Vista One (single coated), Vista P (detuned) and Vista C (low contrast)",,
,,85mm,1.5,"37.5""",46.7mm,114mm,112mm,2150g,131mm,PL / EF / E / MFT,9,"also available as Vista One (single coated), Vista P (detuned) and Vista C (low contrast)",,
,,105mm,1.5,"3' 9""",46.7mm,114mm,112mm,2560g,,PL / EF / E / MFT,9,"also available as Vista One (single coated), Vista P (detuned) and Vista C (low contrast)",,
,,135mm,1.5,"4' 7""",46.7mm,114mm,112mm,2990g,,PL / EF / E / MFT,9,"also available as Vista One (single coated), Vista P (detuned) and Vista C (low contrast)",,
,,180mm,1.9,"4' 7""",46.7mm,114mm,112mm,2990g,190mm,PL / EF / E / MFT,9,,,
,,,,,,,,,,,,,,
,Macro,100mm,2.9,"11.8""",46.7mm,85mm,82mm,1310g,133mm,PL / EF / E / MFT,9,,,
,,,,,,,,,,,,,,
Tribe 7,Blackwing7,20.7mm,1.9,"9""",50mm,104mm,,,,PL,14,,,
,,23.7mm,1.9,,,,,,,PL,14,,,
,,27mm,1.9,"13""",55mm,104mm,,1700g,,PL,14,,,
,,37mm,1.9,"18""",60mm,104mm,,1600g,,PL,14,,,
,,47mm,1.9,"17.5""",60mm,104mm,,1500g,,PL,14,,,
,,57mm,1.9,"19""",60mm,104mm,,1600g,,PL,14,,,
,,77mm,1.9,"26""",60mm,104mm,,1400g,,PL,14,,,
,,107mm,1.9,"27""",62mm,104mm,,1400g,,PL,14,,,
,,137mm,1.9,"32""",62mm,104mm,,1500g,,PL,14,,,
,,,,,,,,,,,,,,
Vantage,One4,22mm,1.4,,>48mm,,,,,,,,,
,,27mm,1.4,"12""",>48mm,136mm,,3100g,200mm,LPL,,,,
,,35mm,1.4,"10""",>48mm,136mm,,2700g,166mm,LPL,,,,
,,50mm,1.4,"1' 2""",>48mm,120mm,,2000g,146mm,LPL,,,,
,,65mm,1.4,"1' 3""",>48mm,120mm,,1500g,135mm,LPL,,,,
,,80mm,1.4,"1' 6""",>48mm,120mm,,1600g,135mm,LPL,,,,
,,105mm,1.4,"2' 3""",>48mm,120mm,,1800g,135mm,LPL,,,,
,,140mm,1.4,,>48mm,,,,,,,,,
,,,,,,,,,,,,,,
,Hawk MHX,28mm,1.9,"10""",,136mm,,2800g,175mm,,,,,
,,35mm,1.9,"12""",,136mm,,3200g,203mm,,,,,
,,45mm,1.9,"10""",,136mm,,2800g,171mm,,,,,
,,65mm,1.9,"1' 2""",,120mm,,2100g,150mm,,,,,
,,85mm,1.9,"1' 3""",,120mm,,1600g,140mm,,,,,
,,105mm,1.9,"1' 8""",,120mm,,1700g,140mm,,,,,
,,135mm,1.9,"2' 3""",,120mm,,1900g,140mm,,,,,
,,180mm,1.9,"3' 2""",,120mm,,3000g,169mm,,,,,
,,,,,,,,,,,,,,
Zero Optik,Noct-NIKKOR,58mm,1.3,"13""",43.3mm,95mm,,900g,100mm,PL,,,,
,,,,,,,,,,,,,,
ZY Optics,Speedmaster,50mm,1.0,"2' 2""",43.3mm,114mm,105mm,1800g,136mm,PL / EF,9,,,